Filename,True_Class,Predicted_Class,Confidence_pct,Is_Correct,Glioma_Prob,Meningioma_Prob,NoTumor_Prob,Pituitary_Prob
Te-gl_102.jpg,glioma,notumor,51.4,False,1.03,36.93,51.4,10.64
Te-gl_103.jpg,glioma,meningioma,88.44,False,1.58,88.44,9.95,0.03
Te-gl_104.jpg,glioma,meningioma,75.06,False,24.63,75.06,0.17,0.15
Te-gl_106.jpg,glioma,notumor,82.21,False,0.01,17.78,82.21,0.01
Te-gl_109.jpg,glioma,meningioma,91.43,False,7.49,91.43,0.99,0.09
Te-gl_115.jpg,glioma,meningioma,84.97,False,1.11,84.97,13.91,0.01
Te-gl_126.jpg,glioma,meningioma,80.58,False,0.35,80.58,1.9,17.18
Te-gl_129.jpg,glioma,notumor,51.44,False,0.13,48.42,51.44,0.01
Te-gl_133.jpg,glioma,notumor,92.71,False,0.3,6.29,92.71,0.7
Te-gl_140.jpg,glioma,pituitary,65.15,False,0.62,34.18,0.04,65.15
Te-gl_143.jpg,glioma,notumor,97.43,False,1.45,1.1,97.43,0.03
Te-gl_144.jpg,glioma,notumor,90.86,False,3.15,4.97,90.86,1.02
Te-gl_149.jpg,glioma,meningioma,82.9,False,17.1,82.9,0.0,0.0
Te-gl_15.jpg,glioma,meningioma,73.02,False,8.31,73.02,11.66,7.01
Te-gl_151.jpg,glioma,meningioma,98.94,False,0.0,98.94,0.33,0.74
Te-gl_153.jpg,glioma,meningioma,67.81,False,32.01,67.81,0.06,0.12
Te-gl_157.jpg,glioma,meningioma,59.72,False,40.21,59.72,0.08,0.0
Te-gl_158.jpg,glioma,meningioma,53.1,False,46.72,53.1,0.18,0.0
Te-gl_159.jpg,glioma,pituitary,47.26,False,0.53,20.19,32.02,47.26
Te-gl_160.jpg,glioma,meningioma,96.54,False,0.0,96.54,1.94,1.51
Te-gl_166.jpg,glioma,notumor,88.5,False,7.22,4.12,88.5,0.16
Te-gl_167.jpg,glioma,meningioma,69.53,False,0.64,69.53,7.54,22.28
Te-gl_170.jpg,glioma,meningioma,64.81,False,35.16,64.81,0.02,0.0
Te-gl_171.jpg,glioma,meningioma,93.25,False,0.01,93.25,6.43,0.31
Te-gl_178.jpg,glioma,meningioma,64.81,False,35.16,64.81,0.02,0.0
Te-gl_181.jpg,glioma,meningioma,63.09,False,36.9,63.09,0.01,0.0
Te-gl_184.jpg,glioma,meningioma,51.51,False,48.24,51.51,0.24,0.01
Te-gl_187.jpg,glioma,meningioma,96.2,False,0.01,96.2,3.67,0.12
Te-gl_189.jpg,glioma,notumor,93.23,False,0.0,6.73,93.23,0.04
Te-gl_194.jpg,glioma,meningioma,82.69,False,15.31,82.69,0.01,1.99
Te-gl_196.jpg,glioma,meningioma,86.09,False,1.95,86.09,11.77,0.19
Te-gl_199.jpg,glioma,pituitary,40.39,False,34.4,24.93,0.28,40.39
Te-gl_204.jpg,glioma,notumor,93.37,False,0.28,6.32,93.37,0.03
Te-gl_205.jpg,glioma,meningioma,82.67,False,11.74,82.67,2.69,2.9
Te-gl_212.jpg,glioma,meningioma,85.18,False,4.33,85.18,3.3,7.19
Te-gl_213.jpg,glioma,meningioma,76.29,False,18.97,76.29,0.12,4.62
Te-gl_218.jpg,glioma,notumor,96.3,False,1.03,2.67,96.3,0.0
Te-gl_224.jpg,glioma,meningioma,82.6,False,17.4,82.6,0.0,0.0
Te-gl_228.jpg,glioma,meningioma,93.25,False,0.01,93.25,6.43,0.31
Te-gl_238.jpg,glioma,pituitary,65.15,False,0.62,34.18,0.04,65.15
Te-gl_246.jpg,glioma,meningioma,51.98,False,47.28,51.98,0.55,0.2
Te-gl_247.jpg,glioma,meningioma,69.02,False,30.94,69.02,0.04,0.0
Te-gl_25.jpg,glioma,meningioma,79.15,False,19.44,79.15,0.01,1.4
Te-gl_251.jpg,glioma,meningioma,52.73,False,47.24,52.73,0.02,0.0
Te-gl_259.jpg,glioma,notumor,93.37,False,0.28,6.32,93.37,0.03
Te-gl_263.jpg,glioma,meningioma,88.77,False,11.09,88.77,0.05,0.09
Te-gl_264.jpg,glioma,meningioma,56.71,False,0.08,56.71,36.2,7.01
Te-gl_27.jpg,glioma,meningioma,45.03,False,21.94,45.03,32.47,0.56
Te-gl_272.jpg,glioma,meningioma,85.18,False,4.33,85.18,3.3,7.19
Te-gl_275.jpg,glioma,meningioma,74.24,False,0.01,74.24,13.4,12.35
Te-gl_277.jpg,glioma,notumor,98.87,False,0.0,0.92,98.87,0.21
Te-gl_278.jpg,glioma,notumor,88.5,False,7.22,4.12,88.5,0.16
Te-gl_290.jpg,glioma,meningioma,69.52,False,30.45,69.52,0.02,0.01
Te-gl_295.jpg,glioma,notumor,78.38,False,1.31,20.28,78.38,0.03
Te-gl_30.jpg,glioma,meningioma,94.37,False,5.06,94.37,0.14,0.44
Te-gl_303.jpg,glioma,notumor,51.44,False,0.13,48.42,51.44,0.01
Te-gl_304.jpg,glioma,meningioma,64.59,False,34.9,64.59,0.51,0.0
Te-gl_305.jpg,glioma,meningioma,50.84,False,49.16,50.84,0.0,0.01
Te-gl_306.jpg,glioma,meningioma,68.11,False,31.83,68.11,0.0,0.06
Te-gl_310.jpg,glioma,meningioma,97.81,False,0.61,97.81,1.58,0.0
Te-gl_313.jpg,glioma,meningioma,42.79,False,28.76,42.79,28.38,0.07
Te-gl_314.jpg,glioma,notumor,97.42,False,0.24,2.28,97.42,0.06
Te-gl_315.jpg,glioma,meningioma,61.13,False,38.81,61.13,0.04,0.02
Te-gl_318.jpg,glioma,meningioma,66.02,False,0.0,66.02,33.98,0.0
Te-gl_32.jpg,glioma,meningioma,98.63,False,0.0,98.63,0.96,0.41
Te-gl_323.jpg,glioma,meningioma,53.74,False,0.2,53.74,14.06,32.01
Te-gl_330.jpg,glioma,pituitary,36.44,False,0.11,29.13,34.32,36.44
Te-gl_335.jpg,glioma,meningioma,52.04,False,0.05,52.04,35.57,12.34
Te-gl_336.jpg,glioma,meningioma,51.67,False,48.19,51.67,0.04,0.1
Te-gl_338.jpg,glioma,meningioma,85.18,False,4.33,85.18,3.3,7.19
Te-gl_341.jpg,glioma,notumor,77.13,False,21.61,1.25,77.13,0.01
Te-gl_349.jpg,glioma,notumor,36.84,False,2.57,35.68,36.84,24.91
Te-gl_350.jpg,glioma,notumor,75.59,False,0.0,24.38,75.59,0.02
Te-gl_351.jpg,glioma,pituitary,46.78,False,4.55,32.26,16.41,46.78
Te-gl_358.jpg,glioma,notumor,68.55,False,7.89,23.55,68.55,0.01
Te-gl_365.jpg,glioma,meningioma,60.99,False,38.88,60.99,0.09,0.04
Te-gl_372.jpg,glioma,notumor,69.76,False,0.03,30.04,69.76,0.18
Te-gl_377.jpg,glioma,meningioma,82.9,False,17.1,82.9,0.0,0.0
Te-gl_389.jpg,glioma,meningioma,98.63,False,0.0,98.63,0.96,0.41
Te-gl_39.jpg,glioma,meningioma,95.9,False,0.0,95.9,4.09,0.01
Te-gl_391.jpg,glioma,meningioma,54.63,False,8.08,54.63,22.93,14.36
Te-gl_399.jpg,glioma,meningioma,91.64,False,8.36,91.64,0.0,0.0
Te-gl_43.jpg,glioma,notumor,96.24,False,0.02,1.1,96.24,2.64
Te-gl_47.jpg,glioma,meningioma,79.7,False,6.23,79.7,12.1,1.98
Te-gl_53.jpg,glioma,notumor,69.84,False,0.08,16.08,69.84,14.0
Te-gl_56.jpg,glioma,meningioma,78.21,False,19.01,78.21,2.19,0.59
Te-gl_59.jpg,glioma,notumor,90.86,False,3.15,4.97,90.86,1.02
Te-gl_62.jpg,glioma,notumor,99.76,False,0.0,0.24,99.76,0.0
Te-gl_66.jpg,glioma,meningioma,85.99,False,12.67,85.99,0.07,1.27
Te-gl_68.jpg,glioma,meningioma,99.33,False,0.0,99.33,0.09,0.58
Te-gl_71.jpg,glioma,meningioma,56.85,False,43.03,56.85,0.12,0.0
Te-gl_72.jpg,glioma,notumor,97.43,False,1.45,1.1,97.43,0.03
Te-gl_74.jpg,glioma,notumor,99.88,False,0.0,0.12,99.88,0.0
Te-gl_76.jpg,glioma,pituitary,74.05,False,0.9,24.97,0.08,74.05
Te-gl_78.jpg,glioma,notumor,98.67,False,0.29,1.03,98.67,0.01
Te-gl_82.jpg,glioma,meningioma,53.65,False,45.97,53.65,0.19,0.18
Te-gl_84.jpg,glioma,meningioma,93.18,False,3.21,93.18,3.59,0.03
Te-gl_86.jpg,glioma,meningioma,35.58,False,32.89,35.58,24.52,7.0
Te-gl_87.jpg,glioma,meningioma,94.05,False,5.89,94.05,0.05,0.0
Te-gl_97.jpg,glioma,notumor,97.97,False,0.93,1.1,97.97,0.0
Te-aug-me_11.jpg,meningioma,glioma,57.47,False,57.47,42.51,0.01,0.01
Te-aug-me_24.jpg,meningioma,pituitary,84.92,False,0.46,14.11,0.51,84.92
Te-aug-me_6.jpg,meningioma,glioma,53.04,False,53.04,39.28,3.41,4.28
Te-aug-me_71.jpg,meningioma,pituitary,63.75,False,0.01,36.24,0.0,63.75
Te-aug-me_9.jpg,meningioma,pituitary,69.39,False,0.31,30.25,0.05,69.39
Te-aug-me_92.jpg,meningioma,glioma,94.03,False,94.03,4.88,1.07,0.03
Te-me_100.jpg,meningioma,pituitary,80.65,False,0.15,18.52,0.68,80.65
Te-me_114.jpg,meningioma,pituitary,53.58,False,0.02,46.4,0.0,53.58
Te-me_117.jpg,meningioma,notumor,50.44,False,1.4,48.16,50.44,0.0
Te-me_124.jpg,meningioma,glioma,89.2,False,89.2,10.42,0.04,0.34
Te-me_136.jpg,meningioma,glioma,97.06,False,97.06,2.91,0.02,0.02
Te-me_138.jpg,meningioma,notumor,78.98,False,0.01,20.66,78.98,0.35
Te-me_147.jpg,meningioma,glioma,62.01,False,62.01,37.8,0.04,0.14
Te-me_151.jpg,meningioma,glioma,80.25,False,80.25,19.75,0.0,0.0
Te-me_160.jpg,meningioma,glioma,57.18,False,57.18,41.45,0.58,0.79
Te-me_167.jpg,meningioma,notumor,88.39,False,0.03,8.67,88.39,2.91
Te-me_169.jpg,meningioma,pituitary,79.94,False,0.0,20.06,0.0,79.94
Te-me_181.jpg,meningioma,pituitary,55.21,False,0.04,44.72,0.03,55.21
Te-me_186.jpg,meningioma,notumor,67.69,False,0.02,30.76,67.69,1.53
Te-me_200.jpg,meningioma,pituitary,85.78,False,0.37,13.82,0.03,85.78
Te-me_209.jpg,meningioma,pituitary,92.96,False,0.36,6.67,0.01,92.96
Te-me_214.jpg,meningioma,notumor,93.09,False,0.0,6.9,93.09,0.01
Te-me_227.jpg,meningioma,pituitary,76.36,False,0.0,23.59,0.05,76.36
Te-me_231.jpg,meningioma,pituitary,41.27,False,16.35,39.25,3.13,41.27
Te-me_242.jpg,meningioma,pituitary,62.84,False,0.02,37.09,0.05,62.84
Te-me_245.jpg,meningioma,glioma,90.77,False,90.77,9.22,0.0,0.01
Te-me_259.jpg,meningioma,notumor,73.22,False,1.61,25.0,73.22,0.17
Te-me_262.jpg,meningioma,notumor,96.97,False,0.0,3.03,96.97,0.0
Te-me_273.jpg,meningioma,glioma,57.69,False,57.69,42.18,0.0,0.13
Te-me_275.jpg,meningioma,glioma,79.7,False,79.7,18.32,1.89,0.1
Te-me_31.jpg,meningioma,notumor,99.01,False,0.02,0.97,99.01,0.0
Te-me_34.jpg,meningioma,glioma,50.76,False,50.76,49.23,0.0,0.01
Te-me_42.jpg,meningioma,notumor,79.6,False,0.0,20.4,79.6,0.0
Te-me_57.jpg,meningioma,glioma,59.37,False,59.37,40.6,0.03,0.0
Te-me_67.jpg,meningioma,glioma,88.21,False,88.21,11.73,0.02,0.04
Te-me_72.jpg,meningioma,glioma,87.54,False,87.54,12.43,0.0,0.03
Te-me_79.jpg,meningioma,glioma,71.19,False,71.19,28.12,0.03,0.66
Te-me_82.jpg,meningioma,notumor,97.49,False,0.27,2.24,97.49,0.0
Te-me_85.jpg,meningioma,glioma,62.02,False,62.02,34.21,0.01,3.75
Te-me_86.jpg,meningioma,notumor,90.21,False,0.2,9.42,90.21,0.17
Te-me_92.jpg,meningioma,pituitary,73.97,False,0.1,25.88,0.05,73.97
Te-no_167.jpg,notumor,meningioma,99.39,False,0.0,99.39,0.61,0.0
Te-pi_196.jpg,pituitary,meningioma,68.17,False,9.15,68.17,0.0,22.67
Te-pi_206.jpg,pituitary,meningioma,69.36,False,0.18,69.36,0.0,30.45
Te-pi_209.jpg,pituitary,meningioma,51.46,False,21.32,51.46,0.42,26.8
Te-pi_226.jpg,pituitary,meningioma,56.03,False,0.31,56.03,0.0,43.66
Te-pi_26.jpg,pituitary,glioma,76.89,False,76.89,22.72,0.13,0.26
Te-pi_303.jpg,pituitary,glioma,52.53,False,52.53,9.53,6.18,31.76
Te-pi_322.jpg,pituitary,glioma,77.02,False,77.02,1.92,0.01,21.05
Te-pi_323.jpg,pituitary,meningioma,80.25,False,19.15,80.25,0.4,0.2
Te-pi_345.jpg,pituitary,glioma,55.79,False,55.79,0.02,0.0,44.18
Te-pi_393.jpg,pituitary,glioma,55.38,False,55.38,4.22,0.0,40.39
Te-pi_64.jpg,pituitary,meningioma,86.67,False,9.31,86.67,0.01,4.02
Te-pi_8.jpg,pituitary,meningioma,88.64,False,9.69,88.64,0.0,1.67
Te-pi_80.jpg,pituitary,glioma,41.63,False,41.63,18.74,0.85,38.78
